Model,Best_Params,Val_MAE,Test_MAE,Test_RMSE,Test_R2,Test_DirAcc
Linear_Regression,N/A,0.01691295969038489,0.017346325483701085,0.025727373656155045,-0.04159053478862318,0.46885714285714286
Ridge_Regression,{'alpha': 0.01},0.016912961351442025,0.01734632750519588,0.025727374763993855,-0.04159062449186757,0.46885714285714286
RF_Regressor,"{'n_estimators': 100, 'max_depth': 5, 'random_state': 42}",0.01659219801834188,0.016743909792494866,0.025104828731477704,0.008207905419669537,0.502
GB_Regressor,"{'n_estimators': 300, 'max_depth': 4, 'learning_rate': 0.01, 'random_state': 42}",0.01749916343589584,0.0183195920575583,0.026545517142585174,-0.10889007726333677,0.5082857142857143
