Model,Best_Params,Val_MAE,Test_MAE,Test_RMSE,Test_R2,Test_DirAcc
Linear_Regression,N/A,0.01691296226258209,0.01734632441992467,0.025727372949007527,-0.041590576703301574,0.46885714285714286
Ridge_Regression,{'alpha': 0.01},0.01691296392363195,0.01734632644141066,0.02572737405684163,-0.04159066640617093,0.46885714285714286
RF_Regressor,"{'n_estimators': 100, 'max_depth': 5, 'random_state': 42}",0.01659718400598634,0.01674086684868226,0.02510258898343275,0.0083847702133788,0.5022857142857143
GB_Regressor,"{'n_estimators': 300, 'max_depth': 4, 'learning_rate': 0.01, 'random_state': 42}",0.017516298480543924,0.01837286915393729,0.026597355204570655,-0.11322529101549939,0.5094285714285715
