Model,Best_Params,Val_MAE,Test_MAE,Test_RMSE,Test_R2,Test_DirAcc
Linear_Regression,N/A,0.01691295787975897,0.017346321252288008,0.025727369174409622,-0.04159043088041181,0.46885714285714286
Ridge_Regression,{'alpha': 0.01},0.016912959540914037,0.017346323273908244,0.02572737028233645,-0.041590520590789604,0.46885714285714286
RF_Regressor,"{'n_estimators': 100, 'max_depth': 5, 'random_state': 42}",0.01659223186555133,0.016743668061252735,0.02510548283668773,0.00815597593168893,0.5022857142857143
GB_Regressor,"{'n_estimators': 300, 'max_depth': 4, 'learning_rate': 0.01, 'random_state': 42}",0.017486324903055517,0.018291975654949975,0.026516022924291918,-0.10642758802369512,0.5071428571428571
