{
  "headline_verdicts": {
    "criterion_1_mae_vs_ols": "FAIL",
    "criterion_2_directional_accuracy": "hit=0.5151",
    "criterion_3_sharpe_vs_bh": "FAIL",
    "dynamic_weighting_diagnosis": "INERT \u2014 dynamic weighting does not improve on uniform"
  },
  "hde_test_stats": {
    "total_return_pct": 33.37827738574488,
    "sharpe": 1.099999395835219,
    "sortino": 1.4595865791355338,
    "max_drawdown": -0.189663993703623,
    "calmar": 0.8179220682328991,
    "avg_exposure": 0.5288826615791188,
    "n_days": 500,
    "market_total_return_pct": 108.90428865636505,
    "market_sharpe": 1.488699402202163,
    "market_max_drawdown": -0.2898647082148064
  },
  "bh_test_stats": {
    "total_return_pct": 110.91882623662399,
    "sharpe": 1.5068528899505653,
    "sortino": 2.155318589619563,
    "max_drawdown": -0.28986470821480614,
    "calmar": 1.4272449799358873,
    "avg_exposure": 0.998,
    "n_days": 500,
    "market_total_return_pct": 108.90428865636505,
    "market_sharpe": 1.488699402202163,
    "market_max_drawdown": -0.2898647082148064
  },
  "eq_weight_test_stats": {
    "total_return_pct": 26.306749031409705,
    "sharpe": 0.7179134515883105,
    "sortino": 0.8744557603462741,
    "max_drawdown": -0.25054571439683176,
    "calmar": 0.541089785560851,
    "avg_exposure": 0.6681603993419118,
    "n_days": 500,
    "market_total_return_pct": 108.90428865636505,
    "market_sharpe": 1.488699402202163,
    "market_max_drawdown": -0.2898647082148064
  },
  "hde_vs_equal_weight_test": {
    "sr1": 1.099999395835219,
    "sr2": 0.7179134515883105,
    "diff": 0.38208594424690845,
    "z": 0.7615676952802668,
    "p_value": 0.44631806155944576
  },
  "per_ticker_alpha_mean_pct": -25.85857142857143
}