Variable,Coefficient,Std_Error,R_squared,p_value
Mean_VIX,-0.00494,0.003123,0.2943,0.1648
Realised_Vol,-0.241942,0.159572,0.277,0.1803
Avg_Pair_Corr,-0.132237,0.121077,0.1658,0.3167
Cum_Return,-0.006387,0.044822,0.0034,0.8914
