Variable,Coefficient,Std_Error,R_squared,p_value
Mean_VIX,-0.005518,0.002984,0.3631,0.1139
Realised_Vol,-0.274576,0.151831,0.3528,0.1205
Avg_Pair_Corr,-0.151351,0.118132,0.2148,0.2474
Cum_Return,-0.001926,0.045144,0.0003,0.9674
