Model,N,MAE,MAE_CI_lo,MAE_CI_hi,DirAcc,DA_CI_lo,DA_CI_hi,R2,PT_p_vs_0.5,block_len
Linear,3500,0.017346321252288008,0.01620284606680842,0.01858483285933542,0.46885714285714286,0.45171428571428573,0.4857142857142857,-0.04159043088041159,0.5931010965806114,10
Ridge,3500,0.017346323273908244,0.016202848217728966,0.018584834809046897,0.46885714285714286,0.45171428571428573,0.4857142857142857,-0.041590520590789604,0.5931010965806114,10
RF,3500,0.01674366806125274,0.015588135057236338,0.018005586884791723,0.5022857142857143,0.486,0.5197142857142857,0.00815597593168893,0.01824879275550817,10
GB,3500,0.018291975654949975,0.017127240345533555,0.01956096627927659,0.5071428571428571,0.4908571428571429,0.5242857142857142,-0.10642758802369512,0.8090006794336255,10
LSTM,3360,0.017138906339772553,0.015890001707257573,0.018493095422457046,0.5372023809523809,0.5211309523809524,0.5538690476190476,-0.01703818807654711,1.0,10
HDE,3500,0.01788312360876407,0.016669888711436265,0.01920416003159198,0.5151428571428571,0.4997142857142857,0.5317142857142857,-0.1056371032478447,0.3375571129188435,10
