,Linear,Ridge,RF,GB,LSTM,HDE
Linear,,0.9048198936762009,6.09778894045121e-12,2.9059392669950057e-09,0.016609084581092226,0.0006105484316267784
Ridge,0.9048198936762009,,6.09690076203151e-12,2.906174856320831e-09,0.01660858300637802,0.0006105786259649193
RF,6.09778894045121e-12,6.09690076203151e-12,,0.0,0.007105525876017982,0.0
GB,2.9059392669950057e-09,2.906174856320831e-09,0.0,,4.440892098500626e-16,0.01983358425540027
LSTM,0.016609084581092226,0.01660858300637802,0.007105525876017982,4.440892098500626e-16,,1.3536849419182317e-09
HDE,0.0006105484316267784,0.0006105786259649193,0.0,0.01983358425540027,1.3536849419182317e-09,
