,Linear,Ridge,RF,LSTM,HDE
Linear,,0.9048257714744306,5.206723940887059e-12,4.7932791069627e-10,0.0004336389604726598
Ridge,0.9048257714744306,,5.206057807072284e-12,4.792883867565934e-10,0.00043366070872341567
RF,5.206723940887059e-12,5.206057807072284e-12,,0.23725033329116685,0.0
LSTM,4.7932791069627e-10,4.792883867565934e-10,0.23725033329116685,,0.0
HDE,0.0004336389604726598,0.00043366070872341567,0.0,0.0,
