,Linear,Ridge,RF,GB,LSTM,HDE
Linear,,0.904826183914436,3.858913188992119e-12,6.312266265240396e-10,0.00032270900183517526,0.0005461128353452249
Ridge,0.904826183914436,,3.858469099782269e-12,6.312781408723822e-10,0.00032274537640519796,0.0005461401288855416
RF,3.858913188992119e-12,3.858469099782269e-12,,0.0,8.393286066166183e-14,0.0
GB,6.312266265240396e-10,6.312781408723822e-10,0.0,,6.5685713990237815e-06,0.005826476229904731
LSTM,0.00032270900183517526,0.00032274537640519796,8.393286066166183e-14,6.5685713990237815e-06,,0.020859551664149878
HDE,0.0005461128353452249,0.0005461401288855416,0.0,0.005826476229904731,0.020859551664149878,
