Model,N,MAE,MAE_CI_lo,MAE_CI_hi,DirAcc,DA_CI_lo,DA_CI_hi,R2,PT_p_vs_0.5,block_len
Linear,3500,0.01734632441992467,0.016202849270921527,0.018584834437122336,0.46885714285714286,0.45171428571428573,0.4857142857142857,-0.04159057670330135,0.5931010965806114,10
Ridge,3500,0.017346326441410664,0.016202851421697938,0.018584836386712888,0.46885714285714286,0.45171428571428573,0.4857142857142857,-0.04159066640617093,0.5931010965806114,10
RF,3500,0.01674086684868226,0.015583599898749637,0.018007247475463246,0.5022857142857143,0.486,0.5197142857142857,0.0083847702133788,0.01824879275550817,10
GB,3500,0.01837286915393729,0.017203810879991507,0.01964623950522218,0.5094285714285715,0.4928571428571429,0.526292857142857,-0.11322529101549939,0.9953095369901392,10
LSTM,3360,0.01765445741103715,0.01644218308877963,0.018990017679026708,0.4648809523809524,0.44761904761904764,0.48095238095238096,-0.05506051774809961,0.9356037275091535,10
HDE,3500,0.017887214377093202,0.01667550131552934,0.019210452854477263,0.5165714285714286,0.5008571428571429,0.5331428571428571,-0.10502121364907135,0.2383542749874974,10
