Model,N,MAE,MAE_CI_lo,MAE_CI_hi,DirAcc,DA_CI_lo,DA_CI_hi,R2,PT_p_vs_0.5,block_len
Linear,3500,0.017346325483701085,0.016202851139433108,0.018584836007739785,0.46885714285714286,0.45171428571428573,0.4857142857142857,-0.041590534788622735,0.5931010965806114,10
Ridge,3500,0.01734632750519588,0.01620285329021747,0.018584837957339336,0.46885714285714286,0.45171428571428573,0.4857142857142857,-0.04159062449186712,0.5931010965806114,10
RF,3500,0.016743909792494866,0.015588758891354403,0.018006084374278555,0.502,0.4857142857142857,0.5194285714285715,0.00820790541966998,0.016220988377720458,10
LSTM,3360,0.016820186328130045,0.01556813237322788,0.018178501057734855,0.5372023809523809,0.5211309523809524,0.5538690476190476,0.00035835763520442043,1.0,10
HDE,3500,0.017901362074470514,0.016687584541470454,0.019226902615537212,0.5162857142857142,0.5008571428571429,0.5325714285714286,-0.10775400940540703,0.26179710783396093,10
