,raw,adj,reject
HDE_vs_a_BuyHold,0.44847907647219953,0.8969581529443991,False
HDE_vs_b_Momentum,0.47488990365870487,0.8969581529443991,False
HDE_vs_c_OLS_overlay,0.29668730353005657,0.8900619105901697,False
HDE_vs_d_EqualWeight,0.2005230494866117,0.8020921979464468,False
