,mean,std,min,max,max_abs_dev_from_uniform,frac_within_±0.05
Weight_RF,0.35192305460458534,0.036768865579290023,0.3224363386466986,0.5399944981826768,0.20666116484934344,0.94
Weight_GB,0.321387393531987,0.029162539094226458,0.24714171081218958,0.4518322727544185,0.11849893942108519,0.884
Weight_LSTM,0.3266895518634277,0.05825466115856211,0.0129198436948381,0.38559053886584305,0.3204134896384952,0.928
