,mean,std,min,max,max_abs_dev_from_uniform,frac_within_±0.05
Weight_RF,0.34941445718280195,0.03676468421513106,0.32717758951385717,0.5402534246228751,0.20692009128954175,0.942
Weight_GB,0.3189395521008031,0.02975910836736406,0.2420100670575231,0.452003950421969,0.11867061708863569,0.866
Weight_LSTM,0.331645990716395,0.05886610109081542,0.0129198436948381,0.3957227940235189,0.3204134896384952,0.906
