,mean,std,min,max,max_abs_dev_from_uniform,frac_within_±0.05
Weight_RF,0.3566806885271139,0.034533521840970235,0.3333333333333333,0.5378221103649142,0.20448877703158092,0.944
Weight_GB,0.3251691031675233,0.03070064922362331,0.25163721442198395,0.4556836748631348,0.12235034152980151,0.888
Weight_LSTM,0.3181502083053628,0.0566324158959459,0.0129198436948381,0.3686200730249742,0.3204134896384952,0.932
